Platform,Title,Views,Impressions,Likes,Dislikes,Subscribers,Upload_Time
Youtube,🔥They Killed Me for a Lute... Big Mistake! 🔥 Kingdom Come Deliverance 2,2,245,1,0,0,14:00
Youtube,Asterix & Obelix Romastered - 100% Walkthrough of Egypt + all Golden Laurens!,422,2531,1,0,0,14:00
Youtube,Asterix & Obelix Romastered - 100% Walkthrough of Greece + all Golden Laurens! #nostalgia,436,3108,2,0,2,14:00
Youtube,Asterix & Obelix Romastered - 100% Walkthrough of Helvetia + all Golden Laurens!,57,420,1,0,0,21:00
Youtube,Asterix & Obelix Romastered - 100% Walkthrough of Normandy + all Golden Laurens! #nostalgia,126,1684,1,1,0,20:00
Youtube,Asterix & Obelix Romastered - 100% Walkthrough of Rome + all Golden Laurens! The Finale is HERE!,13,130,1,0,0,16:00
Youtube,Asterix & Obelix XXL Romastered - 100% Walkthrough of Gaul + all golden Laurens! #nostalgia,279,1508,2,0,0,16:00
Youtube,Blast to the Future! Dragon Ball Z: Kakarot Walkthrough! The Start of the Adventure.,15,118,4,0,0,17:00
Youtube,Cleaning Up Schedule 1 Part 2,3,78,1,0,0,17:00
Youtube,Crash Tag Team Racing 1 - The Park Entrance - Full Playthrough,11,105,1,0,0,14:30
Youtube,Crash Tag Team Racing 2 - The Mystery Island - Full Playthrough,8,103,1,0,0,13:30
Youtube,Crash Twinsanity Final Part - Full Walkthrough - Twinsanity's Final Battle!,108,4107,2,0,1,12:30
Youtube,Crash Twinsanity Part 1 - Full Walkthrough - Crystal Crazy!,449,6011,5,0,4,13:00
Youtube,Crash Twinsanity Part 10 - Full Walkthrough - Back to school!,169,3639,2,0,0,13:30
Youtube,Crash Twinsanity Part 11 - Full Walkthrough - Twisted rooftops of evil!,117,2488,2,0,0,12:30
Youtube,"Crash Twinsanity Part 12 - Full Walkthrough - New ""Ice"" skate level!!!",204,4066,2,0,0,16:00
Youtube,Crash Twinsanity Part 2 - Full Walkthrough - We keep rolling around like a ball... STOP SPANKING ME!,81,546,2,0,0,12:30
Youtube,Crash Twinsanity Part 3 - Full Walkthrough - Cortex is in trouble! Don't eat him bear!,110,839,2,0,1,13:30
Youtube,Crash Twinsanity Part 4 - Full Walkthrough - Those statues are almost... alive!,183,2441,3,0,1,13:00
Youtube,"Crash Twinsanity Part 5 - Full Walkthrough - Fish anyone? Or do you prefer, plasma ray?",281,4422,2,0,1,12:00
Youtube,Crash Twinsanity Part 6 - Full Walkthrough - Rumble on the snow mountain!,209,4279,1,0,1,12:30
Youtube,Crash Twinsanity Part 7 - Full Walkthrough - Trying NOT to become a soup!,290,7170,2,0,0,12:00
Youtube,Crash Twinsanity Part 8 - Full Walkthrough - Aircraft Rumble + On our way to the Academy of Evil!,245,6143,3,0,0,13:00
Youtube,Crash Twinsanity Part 9 - Full Walkthrough - Underground catastrophe,223,5368,1,0,0,13:30
Youtube,DBZ Infinite World - Gameplay - Part 1 - Saiyan Saga - Uncle Raditz is visiting!,3,19,1,0,0,17:00
Youtube,Even Scofield wouldn't have managed such a Prison Break! Full Walkthrough of Prison Break Shrek 2,13,155,1,0,0,20:00
Youtube,Fairy Godmother's place doesn't feel very warm Full Walkthrough of Fairy Godmother's 100% Completion,11,177,1,0,0,16:00
Youtube,Grand Theft Auto Online: Cayo Perico Heist w/ my brother!,14,104,3,0,1,22:00
Youtube,Grand Theft Auto Online! Playing through Cayo Perico with my girlfriend!,7,91,3,0,0,22:00
Youtube,GTA V Online Legal Hack! How to play alone on a public session! No additional apps needed!,44,275,3,0,0,00:00
Youtube,Hips don't lie and this party is bad! The Finale of Shrek 2! 100% Walkthrough #retrogaming,11,151,1,0,0,16:30
Youtube,How to start out when playing Kingdom Come: Deliverance 2,23,234,2,0,0,15:00
Youtube,"If you completed Shrek 2 like I did, you should also be able to look at this amazing artwork!#retro",12,195,1,1,0,19:00
Youtube,"Is it a bird? A plane? No, it's Cookie! Cookie Cookie 100% Walkthrough of Shrek 2 #retrogaming",17,168,3,0,0,16:00
Youtube,Jack n Jill need help with their farm! Shrek 2 Full Walkthrough Jack and Jill's Farm 100% Completion,9,296,2,0,0,16:30
Youtube,Just a casual day in Schedule 1,6,92,1,0,0,15:00
Youtube,"McPixel 3 Hotel level, one of the best Indie games out there! 100% completion!",7,172,2,0,0,15:00
Youtube,My Hotel room was haunted! I almost died! Had to go to sleep at work/Playing Internet Cafe Simulator,12,161,3,0,0,16:00
Youtube,Shrek 2 Mini Games for your Nostalgic needs! #retrogaming,13,237,1,0,0,12:00
Youtube,Shrek 2 PS2 Walkthrough – Swamp Level (100% Complete),45,915,1,0,0,15:00
Youtube,Shrek 2 Walkthrough – Spooky Forest (100% Complete),48,747,1,0,0,12:30
Youtube,Shrek is walking the path! Shrek 2 Full Walkthrough - 100% Completion Walking the Path Level,34,436,1,0,0,15:30
Youtube,Sly 2: Band of Thieves Gameplay - Part 1 - The Cairo Museum #slycooper,2,22,1,0,0,16:00
Youtube,The birth of the Legend Henry Sena! I can't even see him! Playing Kingdom Come: Deliverance 2 / KCD2,4,114,2,0,0,16:00
Youtube,The Remaster NOONE saw coming! THIS is the Intro and Tutorial of Elder Scrolls IV Oblivion REMASTER,6,95,1,0,0,21:00
Youtube,This Game Came Out of Nowhere... | Schedule 1 Gameplay,2,51,1,0,0,14:00
Youtube,This is a different Thief Simulator than the ones you are used to...🦹‍♂️🗝️💰,2,107,1,0,0,14:00
Youtube,THIS IS THE MOST CONTROVERSIAL CRASH BANDICOOT GAME EVER! Welcome to Crash Twinsanity! #retrogaming,473,692,6,0,0,20:00
Youtube,This ISN'T Minecraft. This is Shrek 2 in The Mines! 100% Walkthrough,11,219,1,0,0,17:00
Youtube,This town had to be cleaned...,2,53,1,0,0,13:00
Youtube,Transformers: The Game - A gathering Force - Full Walkthrough #transformers,4,71,0,0,0,14:00
Youtube,Transformers: The Game - Autobots Final Battle - Full Walkthrough #transformers,2,56,0,0,0,16:00
Youtube,Transformers: The Game - Final Battle Decepticons - Full Walkthrough #transformers,3,126,1,0,0,15:00
Youtube,Transformers: The Game - Inside Roover Dam - Full Walkthrough #transformers,5,108,0,0,0,13:30
Youtube,Transformers: The Game - More than Meets the Eye - Full Walkthrough #transformers,10,139,1,0,0,13:30
Youtube,Transformers: The Game - SOCCENT Military Base - Full Walkthrough #transformers,2,50,1,0,0,15:00
Youtube,Transformers: The Game - The city of Machines - Full Walkthrough #transformers,7,74,1,0,0,12:00
Youtube,Transformers: The Game - The hunt for Sam Wikwicky - Full Walkthrough #transformers,7,84,1,0,0,14:30
Youtube,Transformers: The Game - The Last Stand - Full Walkthrough #transformers,13,53,1,0,0,16:00
Youtube,Transformers: The Game - The Suburbs - Full Walkthrough #transformers,59,1746,1,0,1,13:30
Youtube,Travel to the Past! Dragon Ball Z Budokai Tenkaichi 2-Raditz Attacks!,66,1185,5,0,2,20:30
Youtube,Warframe - The Old Peace - Full Uncut Playthrough - No Commentary,18,631,1,0,0,21:00
Youtube,Welcome to Far Far Away! We have chickens and Thugs!,16,138,1,0,0,13:00
Youtube,When everything goes wrong in PUBG / Playing PlayerUnknown Battlegrounds,18,327,2,0,1,16:00
Youtube,,,,,,,
Youtube,,,,,,,
Youtube,,,,,,,
Youtube,,,,,,,
Youtube,,,,,,,
Youtube,,,,,,,
Youtube,,,,,,,
Youtube,,,,,,,
Youtube,,,,,,,
Youtube,,,,,,,
Youtube,,,,,,,
Youtube,,,,,,,
Youtube,,,,,,,
Youtube,,,,,,,
Youtube,,,,,,,
Youtube,,,,,,,
Youtube,,,,,,,
Youtube,,,,,,,
Youtube,,,,,,,
Youtube,,,,,,,
Youtube,,,,,,,
Youtube,,,,,,,
Youtube,,,,,,,
Youtube,,,,,,,
Youtube,,,,,,,
Youtube,,,,,,,
Youtube,,,,,,,
Youtube,,,,,,,
Youtube,,,,,,,
Youtube,,,,,,,
Youtube,,,,,,,
Youtube,,,,,,,
Youtube,,,,,,,
Youtube,,,,,,,
Youtube,,,,,,,
Youtube,,,,,,,