Platform,Title,Views,Likes,Comments,Upload_Time
TikTok,Carmelita ambushes Sly! #slycooper,404,14,1,21:00
TikTok,Crash Tag Team Racing - Welcome to the Mystery Island!,352,7,0,09:00
TikTok,Raditz kidnaps Gohan! #dbz,264,6,2,20:30
TikTok,Crash Tag Team Racing - We have to *OUCH* help Stew!,328,14,0,20:00
TikTok,Do you know who's the best thief of all time? #slycooper,379,14,0,19:00
TikTok,Welcome to the Infinite World of Dragon ball Z! #dbz,264,5,0,22:00
TikTok,Crash Tag Team Racing - Welcome to the Happily Ever Faster,341,7,0,20:00
TikTok,All 3 Laurens in Rome in Asterix & Obelix XXL Romastered!,922,6,0,10:00
TikTok,Average fight in Asterix & Obelix XXL Romastered after you unlock the Twister!,794,3,0,06:30
TikTok,Crash Tag Team Racing - Chaos Bundle 2,786,11,0,09:00
TikTok,She said she'd love me till the end... I just didn't know she meant my end!,388,12,0,22:00
TikTok,All 11 Laurens in Normandy in Asterix & Obelix XXL Romastered!,911,8,0,16:00
TikTok,All 16 Laurens in Helvetia in Asterix & Obelix XXL Romastered!,1071,2,0,11:30
TikTok,All 18 Laurens in Greece in Asterix & Obelix XXL Romastered! Opa! Part 1,397,5,1,18:00
TikTok,All 7 Laurens in Gaul in Asterix & Obelix XXL Romastered!,1883,17,0,11:30
TikTok,All 8 Laurens in Egypt in Asterix & Obelix XXL Romastered!,835,2,0,14:00
TikTok,Druglords on the making! Full video up in my Youtube Channel!,731,12,0,15:00
TikTok,"Another day, another secret military base for a Decepticon to destroy!",255,11,0,09:00
TikTok,Asterix and Obelix find their Chief!,777,4,0,12:00
TikTok,Asterix dancing Syrtaki with Romans in Greece! #retrogaming,855,33,2,20:30
TikTok,"Autobots kicking some Decepticons, what else do you need?",251,10,0,06:00
TikTok,Barricade is hunting my Bumblebee! Stop him!,803,29,0,09:00
TikTok,"Bumblebee is my favorite Autobot, which is yours?",128,7,0,08:00
TikTok,Check out this stunning Scenery and these amazing NPCs!,743,28,0,20:00
TikTok,Cortex wants to enslave me?! That sounds kinda... SUS!,959,5,0,20:00
TikTok,Crash Tag Team Racing - Chaos Bundle 1,775,14,2,09:00
TikTok,Crash Tag Team Racing - Chaos in the Park Entrance!,265,9,0,09:00
TikTok,Crash Tag Team Racing - Crash won't even let his karma stop himself from being a menace!,302,6,1,19:30
TikTok,"Crash Tag Team Racing - Top of the Morning! Oh no, the Power Gems have been stolen!",751,12,0,09:00
TikTok,Crash Tag Team Racing Crash strikes again!,325,18,2,09:00
TikTok,Crash Tag Team Racing doing only a bit of racing and... lots of not racing.,267,3,0,09:00
TikTok,Crash Tag Team Racing Intro - PS2 - Full Playthrough incoming!,792,10,1,09:00
TikTok,Did you know there is a haunted house on the top of the hill in Schedule 1?,289,5,0,14:30
TikTok,Did you know you can find the Epstein files in GTA Online?,798,3,0,09:00
TikTok,Donkeys are burritos... I learn something new every day. Shrek 2 coming tomorrow! #shrek2,160,2,0,20:00
TikTok,En Guarde! This cat lets nothing stop him! Puss in Boots' Hero Time in Shrek 2!,955,6,2,18:00
TikTok,Every story has two sides... and THIS is the Decepticon's side,787,13,0,09:00
TikTok,Fairy Godmother isn't much a Goodmother... #retrogaming,808,6,0,19:30
TikTok,Fiona Jackson on the stage! I love me some blackbird pie. Fiona's Hero Time from Shrek 2!,420,7,4,16:00
TikTok,"First we mine, then we grab the sleeping beauty.' Said a dwarf to Shrek. #retrogaming",291,15,0,16:00
TikTok,"Gaas, Gaaas, Gaaaas, I'm gonna step on the Gas! Changed Shrek's and Donkey's Hero Time in Shrek 2!",420,12,0,22:00
TikTok,Goku is searching for Gohan! #dbz,330,7,0,20:30
TikTok,GTA online's weekly update is here and you don't want to miss it!,249,4,0,16:00
TikTok,He asked for WHAT?! 😳,292,22,0,06:00
TikTok,Henry Cena Said NO to Racism 💥 | KCD2 Epic Scene #kcd2,1205,31,3,20:30
TikTok,Henry saves the honor of the damsel in distress and becomes Tavern Champion!,1401,16,1,17:00
TikTok,Henry skipping happily on the way to Zhelejov in Kingdom Come: Deliverance 2,1583,38,2,15:00
TikTok,Here are the rest of the Laurens in Greece in Asterix & Obelix XXL Romastered! Opa! Part 2,945,11,0,18:30
TikTok,Hey you! Do you want to become... Crystal Craaaazy? #cortex,745,11,0,11:00
TikTok,How to start off at Kingdom Come: Deliverance 2,23,2,0,16:00
TikTok,"I am Machine, I never sleep and destroy the city #transformers",537,19,0,09:00
TikTok,I can't believe that car did poor Lamar so dirty... #gta,1062,14,0,08:00
TikTok,I have plenty of milk for all of you! Giant Gingerbreadman's Hero Time in Shrek 2!,1198,11,1,11:00
TikTok,"I wasn't as lucky as Henry, but it could have been worse #playing #pubg",1545,7,0,16:30
TikTok,I... am Optimus Prime. And you... are Megatron. Let's Battle!,785,8,0,07:30
TikTok,I'm beginning to feel like a Rap God... Now I know where Eminem got that idea.,350,7,0,18:00
TikTok,Jack and Jill left the farm to these guys?? Shrek needs to help PRONTO! #retrogaming,822,7,3,21:00
TikTok,Just a tease for tomorrow's McPixel 3 video! Make sure to watch it till the end! #mcpixel3 #gaming,809,5,1,00:00
TikTok,Let's crash the party! Finale of Shrek 2! #retrogaming,798,8,0,22:30
TikTok,Lil Red doesn't feel so little when facing evil fairies! Red Ridinghood's Hero Time from Shrek 2!,429,4,0,20:00
TikTok,Megatron vs Optimus Prime is here... again! #transformers,273,19,0,08:00
TikTok,Morderkaiser the confused Dark Lord #uwu #gamingshorts,984,11,0,22:00
TikTok,N-gin's ship sure looks nice and cozy! But his workers aren't very nice...,845,12,0,20:00
TikTok,New Asterix & Obelix XXL Romastered out now! Hit the link for the full video!,1343,14,2,20:00
TikTok,"Nina Cortex's first EVER appearance! She moves elegant but, a bit too heavy. Almost like, metal...",311,9,0,07:00
TikTok,Revenge Was Brief 😅 | PUBG Moments #playerunknownsbattleground,731,4,0,20:30
TikTok,"Rock, Pop, Jazz... Jazz? That's one slick Autobot! #transformers",289,29,0,07:00
TikTok,"Scofield was busy, so a fairy took his job... Shrek will be in prison for a while #retrogaming",281,2,0,22:30
TikTok,Should have seen it coming... #AI2U,241,2,0,09:00
TikTok,She Was Just Code… But She Stayed 🥺❤️ #ai2u,1035,8,0,08:30
TikTok,Shrek is throwing a fit like never before! Far far awayyy! #retrogaming,276,11,0,17:00
TikTok,"Silent like a secret, sneaky like a rat, this is how you can also steal a Lute in KCD2",809,10,2,15:00
TikTok,"So many lives ruined, so few remembered... That cake is good tho 🍑",328,7,1,20:00
TikTok,Stadium Showdown 🔥 | PUBG Madness! How could I do that to my friend!!!,749,3,0,13:00
TikTok,Who else remembers this Masterpiece? I bet I'm awakening some memories.,802,7,0,22:00
TikTok,"The farmer's market is tomorrow... but I'm an evil scientist, what did you expect?",859,8,1,20:00
TikTok,The final battle is growing near. Are you ready for this?,382,9,0,16:00
TikTok,The Finale is coming... #asterixobelix,286,5,0,13:30
TikTok,These sewers always give me headaches...,289,4,0,06:00
TikTok,Think of a big bad wolf chasing you! Big Bad Wolf's Hero Time from Shrek 2!,1008,6,0,21:00
TikTok,"This could have been the inside of Fort Zancudo, but it's inside Roover Dam instead #transformers",739,20,0,09:00
TikTok,THIS is the Elder Scrolls IV Oblivion Remastered! Or is it...not?,352,4,0,20:00
TikTok,THIS IS THE MOST CONTROVERSIAL CRASH BANDICOOT GAME EVER! Welcome to Crash Twinsanity! #retrogaming,929,11,5,20:00
TikTok,Those chickens are COOKED! #shrek2,871,6,0,15:00
TikTok,Time for a new dimension! But wait a minute... Who are you?,277,5,0,06:30
TikTok,"Tomatoes, Watermelons, but this cookie is the best! Gingerbreadman's Hero Time from Shrek 2!",791,6,0,15:00
TikTok,Warframe - The Old Peace is now Live! Get aboard Tenno.,377,7,2,21:00
TikTok,What's the difference between riding a horse and riding a dragon? Donkey's Hero Time from Shrek 2!,315,6,4,17:00
TikTok,When Mordekaiser Drops the Hammer 😈 | League Shorts,690,10,0,17:00
TikTok,Who is the biggest Cookie of them all? I AM!,300,11,1,22:00
TikTok,"Wrath of Cortex might have flopped, but this level is chill... anyone wants fish?",944,19,1,21:00
TikTok,When you think you got it... but PUBG has other plans!,532,3,0,13:00
TikTok,Druglords in the making! #Schedule1 #schedule1,383,5,0,11:00
TikTok,They Stole my Lute. They killed me. So I came back and ended them!,366,8,1,22:00
TikTok,This sure is a blast of nostalgia... I couldn't stop playing this as a kid! Do you know the name of this druid?,546,10,16,12:00
TikTok,"Asterix and Obelix, such Iconic figures of a lot of people's childhood",4520,17,3,15:00
TikTok,The true Final Boss for whoever wanted to play Asterix & Obelix XXL!,1283,6,0,15:00
TikTok,"Check out this Thief Simulator but in Pixel Art! Controls are wacky, but the game is slick!",947,52,1,11:00
TikTok,This cat is ready to throw hands! Or paws. En Guarde!,798,4,1,20:00
TikTok,Shrek has to get the package before DHL does! Run Shrek! 50 Stops remain!,3771,106,0,07:00